Exp ID,Nume,Arhitectura,LR,Accuracy,F1_Score
1,Baseline (Etapa 5),"[32, 16]",0.001,0.8091666666666667,0.8026925810418736
2,High Capacity (Complex),"[128, 64, 32]",0.001,0.8716666666666667,0.8692081100696673
3,High Regularization,"[32, 16]",0.001,0.8183333333333334,0.8138905923840015
4,OPTIMIZED (Balanced),"[64, 32, 16]",0.0005,0.8616666666666667,0.8600678538230614
