neurons,lr,batch,accuracy
32,0.001,32,0.9766666889190674
32,0.001,64,0.9866666793823242
32,0.0001,32,0.7688888907432556
32,0.0001,64,0.7333333492279053
64,0.001,32,0.9677777886390686
64,0.001,64,0.9800000190734863
64,0.0001,32,0.8788889050483704
64,0.0001,64,0.855555534362793
